-- MySQL dump 10.11
--
-- Host: localhost    Database: shopping
-- ------------------------------------------------------
-- Server version	5.0.51b-community-nt-log

/*!40101 SET @OLD_CHARACTER_SET_CLIENT=@@CHARACTER_SET_CLIENT */;
/*!40101 SET @OLD_CHARACTER_SET_RESULTS=@@CHARACTER_SET_RESULTS */;
/*!40101 SET @OLD_COLLATION_CONNECTION=@@COLLATION_CONNECTION */;
/*!40101 SET NAMES utf8 */;
/*!40103 SET @OLD_TIME_ZONE=@@TIME_ZONE */;
/*!40103 SET TIME_ZONE='+00:00' */;
/*!40014 SET @OLD_UNIQUE_CHECKS=@@UNIQUE_CHECKS, UNIQUE_CHECKS=0 */;
/*!40014 SET @OLD_FOREIGN_KEY_CHECKS=@@FOREIGN_KEY_CHECKS, FOREIGN_KEY_CHECKS=0 */;
/*!40101 SET @OLD_SQL_MODE=@@SQL_MODE, SQL_MODE='NO_AUTO_VALUE_ON_ZERO' */;
/*!40111 SET @OLD_SQL_NOTES=@@SQL_NOTES, SQL_NOTES=0 */;

--
-- Table structure for table `detail`
--

DROP TABLE IF EXISTS `detail`;
SET @saved_cs_client     = @@character_set_client;
SET character_set_client = utf8;
CREATE TABLE `detail` (
  `id` int(11) NOT NULL auto_increment,
  `orderid` int(11) default NULL,
  `goodsid` int(11) default NULL,
  `name` varchar(32) default NULL,
  `price` double(6,2) default NULL,
  `num` int(11) default NULL,
  PRIMARY KEY  (`id`)
) ENGINE=MyISAM AUTO_INCREMENT=59 DEFAULT CHARSET=utf8;
SET character_set_client = @saved_cs_client;

--
-- Dumping data for table `detail`
--

LOCK TABLES `detail` WRITE;
/*!40000 ALTER TABLE `detail` DISABLE KEYS */;
INSERT INTO `detail` VALUES (32,24,41,'奥黛丽赫本 装饰画',45.00,1),(33,25,49,'旅行包',140.00,2),(34,25,43,'电影 木枪',17.50,1),(35,25,41,'电影相机',1080.00,1),(36,25,41,'拍板',235.00,1),(37,26,41,'奥黛丽赫本 装饰画',45.00,1),(38,0,41,'奥黛丽赫本 装饰画',45.00,1),(39,0,41,'《情书》 相机',1960.00,1),(40,27,41,'奥黛丽赫本 装饰画',45.00,2),(41,27,41,'《情书》 相机',1960.00,1),(42,28,49,'美国iron fis旅行包',620.00,2),(43,28,31,'储物袋',4.80,1),(44,29,41,'欧美经典明信片',12.00,1),(45,29,49,'旅行包',140.00,2),(46,30,51,'凤凰301',950.00,1),(47,31,41,'霍比特人',425.00,4),(48,32,41,'霍比特人',425.00,2),(49,33,32,'困扎绳',5.00,3),(50,39,43,'哈尔的移动城市',3.00,2),(51,40,41,'欧美经典明信片',12.00,3),(52,42,41,'霍比特人 印章',7.80,3),(53,42,42,'超人抱枕',48.00,2),(54,43,42,'超人抱枕',48.00,1),(55,44,42,'吊坠',8.00,2),(56,45,31,'伪装胶带',35.00,3),(57,45,41,'霍比特人',425.00,1),(58,47,31,'制冷加热器',88.00,1);
/*!40000 ALTER TABLE `detail` ENABLE KEYS */;
UNLOCK TABLES;

--
-- Table structure for table `goods`
--

DROP TABLE IF EXISTS `goods`;
SET @saved_cs_client     = @@character_set_client;
SET character_set_client = utf8;
CREATE TABLE `goods` (
  `id` int(11) NOT NULL auto_increment,
  `typeid` varchar(20) default NULL,
  `goods` varchar(32) default NULL,
  `company` varchar(50) default NULL,
  `descr` text,
  `price` double(15,2) default NULL,
  `picname` varchar(255) default NULL,
  `state` tinyint(1) default '1',
  `store` int(11) default '0',
  `num` int(11) default '0',
  `clicknum` int(11) default '0',
  `addtime` int(11) default '0',
  PRIMARY KEY  (`id`)
) ENGINE=MyISAM AUTO_INCREMENT=92 DEFAULT CHARSET=utf8;
SET character_set_client = @saved_cs_client;

--
-- Dumping data for table `goods`
--

LOCK TABLES `goods` WRITE;
/*!40000 ALTER TABLE `goods` DISABLE KEYS */;
INSERT INTO `goods` VALUES (1,'41','《情书》 相机','上海','岩井俊二导演的小清新电影《情书》里的同款相机改皮版，颜色更换了给人一种耳目一新的感觉，带出去也绝对吸睛。性能都还没有改变。#摄影#',1960.00,'137983775494567.jpg',1,200,57,0,1379837754),(2,'41','奥黛丽赫本 装饰画','上海','奥黛丽赫本《罗马假日》，该片风靡世界，她扮演的楚楚动人的安妮公主一头黑色短发，外貌优美脱俗，体态轻盈苗条，在金发性感女郎风行的年代，一下子吸引了观众的目光。这款装饰画勾画出赫本那种优雅、高贵的气质。 #装饰画##背景墙#',45.00,'137983783950800.jpg',1,320,100,34,1379837839),(3,'41','欧美经典明信片','上海','强烈推荐的一款明信片。里面包含30部欧美经典电影的经典台词。每一张都喜欢的不得了。简直就是摄影控、电影控、台词控们的福音啊！！！#明信片#',12.00,'137983792915064.jpg',2,227,123,21,1379837929),(4,'41','霍比特人','上海','和电影《霍比特人》里的道具一模一样的~~比尔博巴金斯所签署的和矮人们的那份冒险合同，上面有各种死了不负责什么的条款。展开时大约27x168cm~很长的各种条款。#电影#',425.00,'137983818614787.jpg',2,268,102,17,1379838186),(5,'41','霍比特人 印章','上海','印章代表一种回忆，更是一个烙印。霍比特人主题印章将霍比特精神带入生活，与之相随、为之相伴，并让其无处不在。',7.80,'137983850938377.jpg',2,205,83,33,1379838509),(6,'42','超人抱枕','上海','超人抱枕。抽象的卡通形象。这样的方格子总是会让我想起疯狂猜图… #电影#',48.00,'137983862782699.jpg',2,115,83,5,1379838627),(7,'43','电影 木枪','上海','由整块木头凿成，打磨光滑，原盒包装，电影周边产品，与鬼子斗智斗勇的小兵张嘎，非常难得，值得收入。',17.50,'137983884997346.jpg',2,200,81,2,1379838849),(8,'47','赫本全集','上海','赫本的好莱坞电影时刻。宛如天使一般的 AudreyHepburn，是时尚界永远的 Icon，一直在被模仿，从来未曾超越。#书#',280.00,'137983901433483.jpg',2,448,232,19,1379839014),(9,'43','哈尔的移动城市','上海','还记得《哈尔的移动城堡》中的马鲁克吗？变身版折纸纸模来啦，初级手工，简单易上手。折完放在卧室里好完美！！ #电影# #动漫# #手工#',3.00,'137983924427833.jpg',2,378,212,2,1379839244),(10,'43','飞屋环游记','上海','《飞屋环游记》中的老爷爷卡尔。带着一生与爱人，飞到梦想的瀑布顶端，自己做，入门级纸模手作。#手工# #电影#',5.00,'137983944968233.jpg',2,320,210,0,1379839449),(11,'43','钢铁侠','上海','托尼·斯塔克？过万圣节的老外？只要你付款，这就是你！——纯个人手工定制，钢铁侠 MK3 头盔。 #电影#',4399.00,'137983966888494.jpg',2,300,120,0,1379839668),(12,'42','加勒比海盗','上海','17世纪这里是海盗的天堂，电影《加勒比海盗》在几百年后的今天更让他们扬名世界，而他们的标志也成为今日的时尚。',25.00,'137983985481227.jpg',2,200,120,0,1379839854),(13,'43','魔戒','上海','魔戒由首饰精铜制造，外面镀合金银色，内外刻有完整的魔戒拉丁文咒语：One ring to rule them all, One ring to find them，神秘而经典.',19.80,'137984016460630.jpg',2,320,210,0,1379840164),(14,'43','果粉','上海','相信热爱美剧的果粉们不会对这款手机壳陌生吧！屌丝们的最爱~#果粉#',28.00,'137984031079345.jpg',2,200,100,0,1379840310),(15,'41','电影相机','上海','胶卷短片电影相机，它正是有史以來的第一台 Lomokino限量特別版，套装里还有金棕榈得奖著名导演Apichatpong Weerasethakul的印刷签名，电影的狂热者们，你们还等什么？#摄影#',1080.00,'137984085555645.jpg',2,320,100,0,1379840743),(16,'45','笔记本','上海','霍比特人笔记本系列提炼中土世界的文化元素，集美观和实用于一体，是为影迷打造的一款精美衍生品，更是日常生活必备的随行记录手册。',18.80,'137984124487541.jpg',2,320,81,0,1379841244),(17,'47','霍比特人','上海','《霍比特人》自1937年首次出版，已被翻译成64种语言，销售超过1亿册，成为伟大的现代经典。17年后，续作《魔戒》出版。《霍比特人》完美地融合了史诗气派与童心稚趣。',25.00,'137984134377826.jpg',2,260,100,0,1379841343),(18,'41','阿凡达','上海','材质金属+彩印工艺,,可放24CD,白色金属表面印有各种精美图案,色彩逼真.',18.80,'137984142313438.jpg',2,300,120,0,1379841423),(19,'45','金刚狼水杯','上海','金刚狼印花玻璃水杯，手感沉甸甸。美国产的几款玻璃水杯质量还是挺不错的，印花精美，手感也不错。 #电影#',98.00,'137984149762113.jpg',2,120,50,0,1379841497),(20,'41','美国队长','上海','美国队长的翅膀袜子，穿上走在大街上真是潮爆了！不过夏天穿可能会穿出痱子… #电影#',98.00,'137984156479606.jpg',2,100,40,0,1379841564),(21,'41','蝙蝠侠','上海','水杯带斗篷啦，特别酷的蝙蝠侠造型水杯，让热爱电影的你一定爱不释手！#杯子# #电影#',138.00,'137984161816185.jpg',2,120,22,0,1379841618),(22,'41','笑脸','上海','全身好多的笑脸，明黄色的笑脸全球都IN的标志',120.00,'137984191197646.jpg',2,350,120,0,1379841911),(23,'47','录取通知书HARRY POTER','上海','华纳官方出品的霍格沃茨魔法学校录取通知书，可定制你专属的收信人~麻瓜，你的梦想快要实现了！！！#电影周边#',397.00,'137984200936246.jpg',2,200,128,0,1379842009),(24,'41','海报','上海','乱世佳人》《泰坦尼克》《哈利波特》等等经典都在其中。共8款，里面装有36张经典电影海报的卡片。《电影控的童鞋们不要错过！#明信片#',18.00,'137984208141632.jpg',2,120,78,0,1379842081),(25,'47','哈利波特','上海','哈利波特电影中，在霍格沃斯走廊的穿梭间，小巫师们都会怀抱大大厚厚旧旧书，这款是哈利波特复古珍藏版，和电影中哈利拿的是一样大的！也有故意做旧哦~#电影周边#',68.00,'137984216987305.jpg',2,100,11,0,1379842169),(26,'42','时间转化器','上海','赫敏格兰杰的宝贝，时间转换器可以听在同一个时间听到不同的课程，也因为这个宝贝，让小天狼星得救了。魔法世界的魅力就在此，那个世界总是能够实现我们这里无法实现的事情。#电影周边#',108.00,'137984228452371.jpg',2,123,23,0,1379842284),(27,'42','鹰头马','上海','鹰头马身有翼兽，是《哈利波特》中聪明且傲娇的神兽，哈利和赫敏也正是骑着它解救的小天狼星。#电影周边#',97.00,'137984236556933.jpg',2,122,21,0,1379842365),(28,'42','吊坠','上海','疯姑娘卢娜胸前的死亡圣器吊坠，避恶灵避食死徒。外观漂亮且辟邪。#电影周边#',8.00,'137984242292317.jpg',2,98,61,2,1379842422),(29,'42','魔法帽','上海','《哈利波特》分院帽，它能参透你的心你的脑，告诉你你该走的方向。#电影周边#',5.00,'137984249753102.jpg',2,100,59,0,1379842497),(30,'41','箱子','上海','复古沉船移物打捞版，全国限量2000套包装，每套内附白星航线铁达尼号船票复 刻版独立编号限量收藏卡及1996美国首发《铁达尼号》限量预告版海报复刻版。#电影周边#',98.00,'137984256655005.jpg',2,122,66,0,1379842566),(31,'41','action','上海','1996年，泰坦尼克号正式开拍，这款钱包可以圆不少人的电影梦，泰坦尼克，一段经典的记忆',70.00,'137984262619192.jpg',2,121,89,0,1379842626),(32,'46','妖怪书','上海','它是妖怪们的妖怪书，是只属于哈利波特迷的记忆，现在你也可以拥有它。它并不是一本书，是一个可设置密码的收纳盒，只有输对了密码妖怪才会把嘴张开，输错了的话，就会听见妖怪对你喃喃叫嚣吧！#文具#',567.00,'137984272617954.jpg',2,200,156,0,1379842726),(33,'41','海报','上海','06年梅大妈的高跟鞋踩进了所有女孩的心里，影片《穿普拉达的恶魔》的复古海报，挂在你的床头，希望你能够早日实现梦想。#电影周边#',9.50,'137984279978403.jpg',2,50,22,0,1379842799),(34,'41','Tatanic 拼图','上海','豪华版泰坦尼克立体拼图，类金属质感，折叠之声清脆悦耳。即使它已作古，但用拼图让它永不沉没吧~#电影周边#',18.00,'137984289473495.jpg',2,212,177,0,1379842894),(35,'42','镜头','上海','国际巨星成龙领衔主演的电影《特务迷城》中曾使用的那个哦。比拇指大一些。随时随地轻松灵巧！2.5倍放大，直径17.5毫米，30毫米长，重25克，由于采用3片2组式物镜，所以成像清晰，成像明亮。#极客#',38.00,'137984296682726.jpg',2,70,48,0,1379842966),(36,'41','羽毛笔','上海','记得电影《哈利波特》里的那款蘸水羽毛笔吗？不记得也没关心啦，快来看看这款羽毛笔。喜欢羽毛笔的亲们，可以去逛逛这家专卖羽毛笔的小店，总有一款是你喜欢的。#创意礼物#',68.00,'137984302318778.jpg',2,200,100,0,1379843023),(37,'41','拍板','上海','这个电影拍板LED电子钟的样子你应该不陌生，拍电影电视每个镜头之前，总会见到这样的拍板。如果你迷恋拍电影已经到了痴狂的地步，可以买这样一个电子钟摆在家里，除了当钟使，时不时自己也可以拿在手中大喊一声“开拍”，过过瘾。LED显示小时、分、秒，详细日期，功能齐全。#钟表##创意家居#',235.00,'137984308761341.jpg',2,100,210,0,1379843087),(38,'41','《情书》 相机','上海','今年送给朋友的生日礼物，文艺电影大师岩井俊二《情书》同款宝丽来，想让他用上个世纪80年代的相机记录现在的青春与美好。希望他能通过相机，凝固烟花，线化雨水，停住时间，让爱永生。',2580.00,'137984318364387.jpg',2,120,69,0,1379843183),(39,'48','迷你背包','上海','简约外表无需华丽的装饰，依然透露着独特的气质，造型别具一格，加上雅致的菱钉加固点缀，越看越有味道！',230.00,'137986698124680.jpg',2,150,123,0,1379866981),(40,'31','刀具','上海','户外旅行必备，扁平设计，放在包包里不占地方，又很安全不会割伤了手。姑娘们放在包包里还能防身喔！#旅行#',148.00,'137989736345598.jpg',1,100,78,2,1379897363),(41,'31','储物袋','上海','韩国切肤之蓝系列收纳袋，两个装哦， 用来装内裤、袜子和一些小东东都可以，旅行居家必备佳品',4.80,'137989745963981.jpg',2,120,57,14,1379897459),(42,'49','旅行包','上海','白色网格上有随手涂鸦的卡哇伊卡通，没有过多的复杂，好似一个纯净的世界。',140.00,'137989762083322.jpg',2,210,110,3,1379897620),(43,'31','制冷加热器','上海','轻便小巧，携带方便，占地方小，即可以制冷也可以加热，可以放水也可以放啤酒，饮料，！时尚，方便的最佳选择！！#旅行#',88.00,'137989786114836.jpg',2,198,83,2,1379897861),(44,'31','小风扇','上海','要是把它放在你的背包里，你会不会把这个拥有牛奶瓶外形的风扇当成是牛奶呢，你不会一打开盖子就喝起来吧，那也没关系，你会喝道一阵凉风哦 #旅行#',8.00,'137989793940953.jpg',2,200,57,0,1379897939),(45,'31','车载充电器','上海','都是智能手机，但是非常的费电呀，车载输出的电压为2000MA，使用这个充电器，能接收的电源更强，有车的朋友不妨配上一个，真的很好用。#旅行#',8.00,'137989801946933.jpg',2,320,78,0,1379898019),(46,'31','冷藏小工具','上海','其实这个东西是用来冷藏食物的哦，把它放在冰箱里冷冻，然后拿出来跟你需要冷藏的东西放在一起就行啦 很实用的一款东东 #旅行#',20.00,'137989814656952.jpg',2,200,78,0,1379898146),(47,'31','存储小工具','上海','在有限的车身里设置大容量的存储，是外出旅行的必备品！这款后置物架拥有三个大格子放置饮料及食物，是一款很实用的置物架 #旅行#',228.00,'137989825855670.jpg',2,320,120,0,1379898258),(48,'32','洗漱盒','上海','别看它只是小小的一个盒子哦，它的功能可强大着呢，可以把所有的洗漱用品都放进去，这样避免了，出门旅行所要用到的一次性用品，产生了环保作用  #旅行#',18.00,'137989855643829.jpg',2,100,57,0,1379898556),(49,'31','挂饰','上海','适合直径8~12MM的饮水管固定，简易的拆卸结构无需对背包做任何改动即可装在背包的肩带的织带上，就可以挂多余的东西，不用手提着啦 #旅行#',20.00,'137989866511807.jpg',2,320,210,0,1379898665),(50,'31','旅行笔','上海','一支笔记录你这一路旅途体验的生活，虽说可以手机电脑记录，但是用笔来记录可能会更有意思的，而且还是一只多功能用笔呢 #旅行#',5.60,'137989872558084.jpg',2,320,100,2,1379898725),(51,'31','裤管','上海','跑个步走个路什么的，穿个长裤还真是不太方便呢，但是又不方便穿短裤，那就用这个小裤管夹来夹住吧，这样就方便省事儿多啦 #旅行#',2.80,'137989879194638.jpg',2,200,78,0,1379898791),(52,'10','急救盒','上海','急救盒，内含绷带、医用手套、剪刀和胶布。大小 13 × 13cm。露营登山外出旅行的时候带一个正好。#旅行#',204.00,'137989886744521.jpg',2,200,120,0,1379898867),(53,'49','美国iron fis旅行包','上海','vintage潮牌尖货代购，美国iron fist旅行包，花朵与船锚图案，艳丽的撞色，全新的哦~',620.00,'137989895647875.jpg',2,320,210,3,1379898956),(54,'32','闹钟','上海','德国品牌 Philippi Equipe 橘色闹钟，不锈钢钥匙圈，可拉式设计，便于旅行、出差时随身携带使用，配置有精美牛皮套，外观典雅。出门在外时可随身携带，提醒你早睡早起。#创意设计#',255.00,'137989901957633.jpg',2,200,120,0,1379899019),(55,'50','吉他','上海','旅行背着这样的小吉他真的是帅气爆了！夏威夷的四弦小吉他 Ukulele，音色如同夏威夷的阳光般热烈爽朗，这里是西瓜、菠萝、奇异果造型，我这就要买西瓜的了！#旅行#',129.00,'137989915262511.jpg',2,200,120,0,1379899152),(56,'31','炭火','上海','一次完美的旅行烧烤，怎么缺得了炭火那，平常我们常用的炭火，既难拿又不环保，还造成很大的污染，那现在有了一款新的炭火啦，没有以上所说的那些缺点，配合固体酒精使用  #旅行#',28.00,'137989923265360.jpg',2,320,100,0,1379899232),(57,'32','储物袋','上海','1、携带方便，轻盈，不占空间；\r\n 2、大中号设计，满足不同鞋子\r\n 3、防水设计，保护鞋子不被淋湿',7.50,'137989930698783.jpg',2,200,81,0,1379899306),(58,'49','旅行包','上海','羊毛呢加真皮配皮的设计，英伦风经典格子，是商务人士首选！提这么个包出门，品位立马提升！',168.00,'137989937795501.jpg',2,320,100,0,1379899377),(59,'33','防水夹','上海','折叠防潮垫，既能手拿还能折叠好放在包里，方便携带！且实惠而耐用！保护你的东西不受潮水的沁湿 #旅行#',22.00,'137989998579463.jpg',2,200,120,0,1379899985),(60,'31','磨刀石','上海','采用特殊材料制作而成。只要把刀放在磨刀器上，只需几秒钟即可把任何刀具磨得锋利无比，再钝的刀（没有开刃的刀）不超过半分钟即可磨完。 #旅行#',1.20,'137990005528742.jpg',2,200,81,0,1379900055),(61,'32','一款很特别的帽子','上海','一款很特别的帽子，创意的帽子，普通而不失时尚的气息。草编的材质透露出复古的内涵。戴上还清透凉爽 #旅行#',28.00,'137990014950608.jpg',2,200,81,0,1379900149),(74,'33','手机防水','上海','不用担心，做水上运动的时候会错过电话，也不用担心在水上的时候会弄湿电话，有了这个手机防水袋在水里照样记录美丽的风景 #旅行#',69.00,'137990153251165.jpg',2,320,78,0,1379901532),(62,'31','挂钩','上海','用来挂矿泉水瓶的快挂扣件，方便实用，可以挂在背包上，也可以挂在裤带上. 瓶扣扣住瓶颈后，纹丝不动，绝对不会掉哦  #旅行#',1.20,'137990020725045.jpg',2,200,134,0,1379900207),(63,'32','帐篷','上海','星空图案双人户外帐篷，专业级别，遇到极端天气也应对自如。美轮美奂的星空图案，帐篷两侧不尽相同。请放心，它兼备了高性能帐篷应有的一切。价格有些小贵。小编只是路过的…#旅行#',8900.00,'137990033477958.jpg',2,200,120,0,1379900334),(64,'49','旅行包','上海','忽略掉外形那块白色的，是不是看着这包包就像一个蝙蝠一样呢，有着黑黑的翅膀，像一只想要飞走的蝙蝠！#旅行#',159.00,'137990040350308.jpg',2,320,210,0,1379900403),(65,'32','困扎绳','上海','捆扎绳，可用于各种线材的整理和捆扎。便于旅行中数据线的捆扎，有利于整理居室和办公室的环境，避免蜘蛛网式的电线扰乱环境。#旅行#',5.00,'137990047144444.jpg',2,197,81,3,1379900471),(66,'32','钱夹','上海','韩国正品A.Shop 皮革腕带手拿包钱夹 旅行机票护照包 iPad Mini超实用的设计，内置6卡位',248.00,'137990054433867.jpg',2,200,120,0,1379900544),(67,'32','雪套','上海','此款雪套款式时尚简单、材料优质，采用魔术贴设计，穿脱均十分方便，鞋扣紧紧贴合鞋子，有效呵护您的脚部！可以防止蚊虫、冰雪等钻入鞋子 #旅行#',35.00,'137990062577684.jpg',2,320,81,0,1379900625),(68,'33','头罩','上海','我想每个人心里都有一个武侠梦吧，都想做一个神通广大无所不能的侠客，不过这个东西可不是大侠头上戴的帽子，这是一款防蚊护套呢适合野外丛林佩戴  #旅行#',28.00,'137990068125996.jpg',2,200,57,0,1379900681),(69,'32','高效降噪无线耳塞','上海','高效降噪无线耳塞，锥形设计，表面光滑，舒适贴耳的进行密封，绝对都安静，也可以适当清洗，完全晒干后仍可再用！#旅行#',6.80,'137990083377480.jpg',2,320,81,0,1379900833),(70,'32','太阳能热水袋','上海','在户外旅行，要想洗个热水澡，估计怕是有点难度吧！不过现在呢，有了这款太阳能热水袋，随时都可以洗，不用担心啦！#旅行#',38.00,'137990092585404.jpg',2,200,120,0,1379900925),(71,'33','太阳伞','上海','奇葩是浮云，靠谱才是王道。这是一款防紫外线伞帽，同时还是防雨帽。为你腾出双手带来方便，还可以在你外出钓鱼找不到插伞的地方时，帮你挡住太阳光。#旅行#',58.00,'137990113153327.jpg',2,200,100,0,1379901131),(72,'49','旅行包','上海','九宫格双肩包，你平常喜欢九宫格这个玩具吗，它的思路你能掌握吗？但是这个包包可以让你掌握，你想让它怎么地，就怎么地 #旅行#',175.00,'137990118476741.jpg',2,320,210,0,1379901184),(73,'50','夜光扑克','上海','不用担心，做水上运动的时候会错过电话，也不用担心在水上的时候会弄湿电话，有了这个手机防水袋在水里照样记录美丽的风景 #旅行#',128.00,'137990126111903.jpg',2,320,210,0,1379901261),(75,'33','夹子','上海','旅行中，吃不完的零食怎么办?弃之可惜，直接放进包包中可能会撒了一包的零食，且因没有密封好变得湿软，难吃。这样就可以用这款夹子夹住，免得变味啦 #旅行#',1.50,'137990159659100.jpg',2,320,210,0,1379901596),(76,'32','插座','上海','旅行的时候，酒店or宾馆没有预留足够多的电源插座。这几年摊上最坑爹的事情莫过于此。事已至此，也只能靠这件了，2 个 USB 位，以及 6 个电源插口。够么？#旅行#',180.00,'137990179367595.jpg',2,200,160,0,1379901793),(77,'50','吊床','上海','超级靠谱的吊床，三四个人坐上去都不会坏呢！旅行时卷一卷塞在包里，不占地方，却能在关键时刻营造出绝对浪漫的戏份~#旅行#',79.00,'137990203575289.jpg',2,320,210,0,1379902035),(78,'33','墨镜','上海','小夸张的墨镜，水水的胭脂粉色，上面的雪纺花朵是固定在眼镜上面滴，小复古的感觉，海边旅行佩戴超赞呢。#配饰#',260.00,'137990210391188.jpg',2,320,210,0,1379902103),(79,'33','墨镜','上海','黑白渐变款个性太阳镜！不在局限于颜色的撞色搭配，我们慢慢过渡融合哦！#配饰#',68.00,'137990218984753.jpg',2,260,210,0,1379902189),(80,'33','墨镜','上海','黑白静定款太阳镜！外出旅行，上班出行，都可以随意搭配的时尚百搭单品！#配饰#',68.00,'137990223434406.jpg',2,200,120,0,1379902234),(81,'33','报警器','上海','漂亮MM和一些弱小群体必备防狼器，可以震慑一下罪犯，给自己增加得到帮助的机会。#文具#',160.00,'137990229385736.jpg',2,200,145,0,1379902293),(82,'32','公主镜','上海','有一种古典的气氛，很容易心情好的漂亮的公主镜子，非金属，手感轻。#文具#',198.00,'137990235365645.jpg',2,120,100,0,1379902353),(83,'50','吊椅','上海','彩虹色户外吊椅！结实的网面以及吊绳让你可以放心安然的使用，那看着让人赏心悦目的颜色，也不会脱色到你的衣服上面！一款舒适的吊椅 #旅行#',155.00,'137990244373668.jpg',2,320,210,0,1379902443),(84,'31','伪装胶带','上海','伪装胶带，防滑、耐磨，不易掉色，粘性较强，采用特殊的背胶，可以用来DIY你的手电、自行车、鱼杆....狗。以及任何想变成仿生迷彩色的东西。又漂亮又有一定有保护作用 #旅行#',35.00,'137990252546743.jpg',2,317,103,2,1379902525),(85,'33','防身刀棍','上海','防身刀棍，此宝贝是一棍一刀！整刀精巧灵便，刀削做工精细，外销品质，且时尚的外形！是你不可多得的户外用具 #旅行#',155.00,'137990259218665.jpg',2,320,210,0,1379902592),(86,'32','水袋','上海','外出野营的时候怎么能少得了水桶呢！没有这个怎么能装水呢，可是家庭需用的水桶太占地方！这时候你非常有必要带上这样一款折叠水桶，方便不碍事！ #旅行#',45.00,'137990265650473.jpg',2,200,112,0,1379902656),(87,'33','折叠伞','上海','特别柔美的一款折叠伞，Totes是美国阳伞大牌，是世界上最大的雨伞品牌，解释耐用，小清新的外表得到了很多女孩子的青睐。#MUJI# #旅行#',159.00,'137990391483149.jpg',2,320,120,0,1379903914),(88,'32','相机','上海','忠实撞色的Lomo胶片相机竟然开始走小清新路线了，天理何在！嫩绿色更好看了有木有！#摄影# #旅行#',1190.00,'137990400350819.jpg',2,200,120,2,1379904003),(89,'49','旅行包','上海','拉链设计的双肩背包，真的牛皮材质，质感高级，第一条拉链和第三条拉链是口袋封口，第二条拉链是个小口袋，很实用一款。',238.00,'137990404741066.jpg',2,320,177,6,1379904047),(90,'51','迷你小粉','上海','小粉又出门了，这款小粉是防水的喔！放最普通的135胶卷，冲扫都方便，傻瓜快门档，不懂摄影的也会拍喔！去海边度假必备款！ #摄影#',180.00,'138020209153604.jpg',2,100,11,1,1380202091),(91,'51','凤凰301','上海','建国以来，中国相机产业的巅峰之作凤凰301，停产了20年之久，让它带你回到那些年骑着自行车的日子。 #摄影#',950.00,'138020219681943.jpg',2,100,45,6,1380202196);
/*!40000 ALTER TABLE `goods` ENABLE KEYS */;
UNLOCK TABLES;

--
-- Table structure for table `orders`
--

DROP TABLE IF EXISTS `orders`;
SET @saved_cs_client     = @@character_set_client;
SET character_set_client = utf8;
CREATE TABLE `orders` (
  `id` int(11) NOT NULL auto_increment,
  `uid` int(11) default NULL,
  `linkman` varchar(32) default NULL,
  `address` varchar(255) default NULL,
  `code` char(6) default NULL,
  `phone` varchar(16) default NULL,
  `addtime` int(11) default NULL,
  `total` double(8,2) default NULL,
  `status` tinyint(4) default NULL,
  PRIMARY KEY  (`id`)
) ENGINE=MyISAM AUTO_INCREMENT=48 DEFAULT CHARSET=utf8;
SET character_set_client = @saved_cs_client;

--
-- Dumping data for table `orders`
--

LOCK TABLES `orders` WRITE;
/*!40000 ALTER TABLE `orders` DISABLE KEYS */;
INSERT INTO `orders` VALUES (24,2,'jackieli','北京市昌平区育荣教育园区','10000','15537555255',1380157792,45.00,1),(25,2,'jackieli','北京市昌平区育荣教育园区','10000','15537555255',1380158488,1612.50,1),(26,2,'jackieli','北京市昌平区育荣教育园区','10000','15537555255',1380161588,45.00,1),(27,2,'jackieli','北京市昌平区育荣教育园区','10000','15537555255',1380175279,2050.00,0),(28,2,'jackieli','北京市昌平区育荣教育园区','10000','15537555255',1380183517,1244.80,0),(29,2,'jackieli','北京市昌平区育荣教育园区','10000','15537555255',1380184566,292.00,0),(30,2,'jackieli','北京市昌平区育荣教育园区','10000','15537555255',1380209454,950.00,0),(31,2,'jackieli','北京市昌平区育荣教育园区','10000','15537555255',1380210495,1700.00,0),(32,2,'jackieli','北京市昌平区育荣教育园区','10000','15537555255',1380210876,850.00,0),(33,2,'jackieli','北京市昌平区育荣教育园区','10000','15537555255',1380211255,15.00,0),(34,2,'jackieli','北京市昌平区育荣教育园区','10000','15537555255',1380211336,560.00,0),(35,2,'jackieli','北京市昌平区育荣教育园区','10000','15537555255',1380211490,850.00,0),(36,2,'jackieli','北京市昌平区育荣教育园区','10000','15537555255',1380211542,1275.00,0),(37,2,'jackieli','北京市昌平区育荣教育园区','10000','15537555255',1380211663,1275.00,0),(38,2,'jackieli','北京市昌平区育荣教育园区','10000','15537555255',1380211676,1275.00,0),(39,2,'jackieli','北京市昌平区育荣教育园区','10000','15537555255',1380211775,6.00,0),(40,2,'jackieli','北京市昌平区育荣教育园区','10000','15537555255',1380212063,36.00,0),(41,2,'jackieli','北京市昌平区育荣教育园区','10000','15537555255',1380212201,111.60,0),(42,2,'jackieli','北京市昌平区育荣教育园区','10000','15537555255',1380212443,119.40,0),(43,2,'jackieli','北京市昌平区育荣教育园区','10000','15537555255',1380212491,48.00,0),(44,2,'jackieli','北京市昌平区育荣教育园区','10000','15537555255',1380263351,16.00,0),(45,2,'jackieli','北京市昌平区育荣教育园区','10000','15537555255',1380267191,530.00,0),(46,2,'jackieli','北京市昌平区育荣教育园区','10000','15537555255',1380511521,88.00,0),(47,2,'jackieli','北京市昌平区育荣教育园区','10000','15537555255',1380511531,88.00,0);
/*!40000 ALTER TABLE `orders` ENABLE KEYS */;
UNLOCK TABLES;

--
-- Table structure for table `type`
--

DROP TABLE IF EXISTS `type`;
SET @saved_cs_client     = @@character_set_client;
SET character_set_client = utf8;
CREATE TABLE `type` (
  `id` int(11) NOT NULL auto_increment,
  `name` varchar(32) default NULL,
  `pid` int(11) default '0',
  `path` varchar(255) default NULL,
  PRIMARY KEY  (`id`)
) ENGINE=MyISAM AUTO_INCREMENT=52 DEFAULT CHARSET=utf8;
SET character_set_client = @saved_cs_client;

--
-- Dumping data for table `type`
--

LOCK TABLES `type` WRITE;
/*!40000 ALTER TABLE `type` DISABLE KEYS */;
INSERT INTO `type` VALUES (1,'时尚数码',0,'0,'),(2,'乐活音乐',0,'0,'),(3,'居家',0,'0,'),(4,'旅行',0,'0,'),(5,'服饰',0,'0,'),(6,'着迷',0,'0,'),(7,'电脑',1,'0,1,'),(8,'平板',1,'0,1,'),(9,'果迷',1,'0,1,'),(10,'尼康',1,'0,1,'),(11,'佳能',1,'0,1,'),(12,'摄像机',1,'0,1,'),(13,'镜头',1,'0,1,'),(14,'古典主义',2,'0,2,'),(15,'芭蕾舞剧',2,'0,2,'),(16,'浪漫主义',2,'0,2,'),(17,'巴洛克时代',2,'0,2,'),(18,'近代音乐',2,'0,2,'),(19,'现代音乐',2,'0,2,'),(20,'流行音乐',2,'0,2,'),(21,'客厅',3,'0,3,'),(22,'卧室',3,'0,3,'),(23,'厨房',3,'0,3,'),(24,'卫浴',3,'0,3,'),(25,'花园',3,'0,3,'),(26,'杂货',3,'0,3,'),(27,'骑行',4,'0,4,'),(28,'急救工具',4,'0,4,'),(29,'旅行指南',4,'0,4,'),(30,'帐篷',4,'0,4,'),(31,'小工具',4,'0,4,'),(32,'生活必备',4,'0,4,'),(33,'防护用品',4,'0,4,'),(34,'裙子',5,'0,5,'),(35,'泳装',5,'0,5,'),(36,'牛仔',5,'0,5,'),(37,'首饰',5,'0,5,'),(38,'内衣',5,'0,5,'),(39,'上装',5,'0,5,'),(40,'原单',5,'0,5,'),(41,'电影',6,'0,6,'),(42,'玩偶',6,'0,6,'),(43,'手工',6,'0,6,'),(44,'特产',6,'0,6,'),(45,'怀旧',6,'0,6,'),(46,'文具',6,'0,6,'),(47,'书',6,'0,6,'),(48,'迷你包',6,'0,6,'),(49,'旅行包',4,'0,4,'),(50,'其他',4,'0,4,'),(51,'迷你相机',4,'0,4,');
/*!40000 ALTER TABLE `type` ENABLE KEYS */;
UNLOCK TABLES;

--
-- Table structure for table `users`
--

DROP TABLE IF EXISTS `users`;
SET @saved_cs_client     = @@character_set_client;
SET character_set_client = utf8;
CREATE TABLE `users` (
  `id` int(11) NOT NULL auto_increment,
  `username` varchar(32) NOT NULL,
  `name` varchar(16) default NULL,
  `pass` char(32) NOT NULL,
  `sex` tinyint(1) default NULL,
  `address` varchar(255) default NULL,
  `code` char(6) default NULL,
  `phone` varchar(16) default NULL,
  `email` varchar(50) NOT NULL,
  `state` tinyint(1) default '1',
  `addtime` int(11) default NULL,
  PRIMARY KEY  (`id`),
  UNIQUE KEY `username` (`username`)
) ENGINE=MyISAM AUTO_INCREMENT=8 DEFAULT CHARSET=utf8;
SET character_set_client = @saved_cs_client;

--
-- Dumping data for table `users`
--

LOCK TABLES `users` WRITE;
/*!40000 ALTER TABLE `users` DISABLE KEYS */;
INSERT INTO `users` VALUES (1,'admin','admin','21232f297a57a5a743894a0e4a801fc3',1,'wu','100086','12345678901','admin@126.com',1,1234567809),(2,'jackie','jackieli','111111',0,'北京市昌平区育荣教育园区','10000','15537555255','905214298@qq.com',1,1380179765),(3,'lxw','刘晓威','000000',0,'北京市昌平区育荣教育园区','10010','1040348028403','1234567@163.com',1,1380103571),(4,'wsm123456','陈洪江','123456',0,'哈哈哈哈哈哈哈得到','666555','666654444','7776666@qq.com',1,1380122862),(5,'ssw','ssw','123123',0,'asdfaaaa要','888888','019-99999999','sus666@126.com',1,1380177553),(6,'zhangsan','zhangsan','000000',0,'北京市昌平区育荣教育园区','10010','15537555255','905214298@qq.com',1,1380130405),(7,'jay','jay','000000',1,'北极星','10000','18293919313917','905214298@qq.con',1,1380437102);
/*!40000 ALTER TABLE `users` ENABLE KEYS */;
UNLOCK TABLES;
/*!40103 SET TIME_ZONE=@OLD_TIME_ZONE */;

/*!40101 SET SQL_MODE=@OLD_SQL_MODE */;
/*!40014 SET FOREIGN_KEY_CHECKS=@OLD_FOREIGN_KEY_CHECKS */;
/*!40014 SET UNIQUE_CHECKS=@OLD_UNIQUE_CHECKS */;
/*!40101 SET CHARACTER_SET_CLIENT=@OLD_CHARACTER_SET_CLIENT */;
/*!40101 SET CHARACTER_SET_RESULTS=@OLD_CHARACTER_SET_RESULTS */;
/*!40101 SET COLLATION_CONNECTION=@OLD_COLLATION_CONNECTION */;
/*!40111 SET SQL_NOTES=@OLD_SQL_NOTES */;

-- Dump completed on 2013-10-08  6:26:22
